{
    "origin": {
        "check": "^[0-9]{3}([ .-]?)[0-9]{3}\\1[0-9]{3}$",
        "generator": "^[0-9]{3}([ .-]?)[0-9]{3}\\1[0-9]{3}$"
    },
    "no_separator": {
        "check": "^[0-9]{3}([ .-]?)[0-9]{3}\\1[0-9]{3}$",
        "generator": "^[0-9]{3}[0-9]{3}[0-9]{3}$"
    },
    "dash": {
        "check": "^[0-9]{3}([ .-]?)[0-9]{3}\\1[0-9]{3}$",
        "generator": "^[0-9]{3}[-][0-9]{3}[-][0-9]{3}$"
    },
    "space": {
        "check": "^[0-9]{3}([ .-]?)[0-9]{3}\\1[0-9]{3}$",
        "generator": "^[0-9]{3}[ ][0-9]{3}[ ][0-9]{3}$"
    },
    "dot": {
        "check": "^[0-9]{3}([ .-]?)[0-9]{3}\\1[0-9]{3}$",
        "generator": "^[0-9]{3}[.][0-9]{3}[.][0-9]{3}$"
    }
}