{
    "origin": {
        "check": "^(安陵|安平|安期|安是|安陽|白馬|百里|柏侯|鮑俎|北宮|北堂|北郭|北辰|北門|北山|北唐|奔水|逼陽|賓牟|薄奚|薄野|池張|陳一|曹牟|曹丘|常濤|長魚|車非|成功|成陽|乘馬|叱盧|丑門|樗里|穿封|淳于|單于|答祿|達勃|達步|達奚|鄧陵|第五|地連|地倫|東方|東里|東南|東宮|東門|東鄉|東丹|東郭|東陵|東關|東閭|東陽|東野|東萊|豆盧|鬥於|都尉|獨孤|端木|段干|多子|爾朱|方雷|豐將|封人|封父|夫蒙|夫餘|浮丘|傅餘|范姜|幹已|高車|高陵|高堂|高陽|高辛|皋落|哥舒|蓋樓|庚桑|梗陽|宮孫|公羊|公良|公孫|公罔|公西|公冶|公斂|公梁|公輸|公上|公山|公戶|公玉|公儀|公仲|公堅|公伯|公祖|公乘|公晰|公族|姑布|古口|古龍|古賴|古孫|穀梁|穀渾|瓜田|關龍|鮭陽|歸海|函治|韓餘|罕井|浩生|浩星|紇骨|紇奚|紇於|賀陳|賀撥|賀蘭|賀樓|赫連|黑齒|黑肱|侯岡|呼延|壺丘|呼衍|斛律|胡非|胡母|胡毋|胡林|皇甫|皇父|花裳|兀官|吉白|即墨|季瓜|季連|季孫|茄衆|蔣丘|金齒|晉楚|京城|涇陽|九百|九方|睢鳩|沮渠|巨母|姜勻|勘阻|渴侯|渴單|可汗|空桐|空相|昆吾|老陽|樂羊|荔菲|櫟陽|梁丘|梁由|梁餘|梁垣|陵陽|伶舟|冷淪|令狐|柳下|龍丘|盧妃|盧蒲|魯步|甪里|陸費|閭丘|祿閣|馬矢|馬師|麥丘|麥盧|茅夷|彌牟|密革|密茅|墨夷|墨台|萬俊|昌頓|慕容|木門|木易|万俟|孟玄|南宮|南郭|南門|南榮|南離|納蘭|歐侯|歐陽|逄門|盆成|彭祖|平陵|平寧|破醜|僕固|濮陽|浦思|漆雕|奇介|綦母|綦毋|綦連|祁連|乞伏|綺裏|千代|千乘|勤宿|青陽|丘麗|丘陵|屈侯|屈突|屈男|屈盧|屈同|屈門|屈引|壤駟|擾龍|容成|汝嫣|薩孤|三飯|三閭|三州|桑丘|商瞿|上官|尚方|少師|少施|少室|少叔|少正|社南|社北|申屠|申徒|沈猶|勝屠|石作|侍其|侍其|士季|士弱|士孫|士貞|叔孫|叔先|叔促|水丘|司城|司空|司寇|司鴻|司馬|司徒|司士|似和|素和|夙沙|孫陽|索陽|索盧|沓盧|太史|太叔|太陽|淡台|唐山|堂溪|陶丘|同蹄|統奚|禿發|塗欽|屠岸|吐火|吐賀|吐萬|吐羅|吐缶|吐難|吐缶|吐渾|吐奚|吐和|屯渾|脫脫|拓撥|拓跋|澹臺|譚劉|完顔|王孫|王官|王人|王劉|微生|尾勺|溫孤|溫稽|聞人|屋戶|巫馬|巫許|吾丘|無庸|無鉤|五鹿|武安|吳劉|王黃|息夫|西陵|西乞|西鑰|西鄉|西門|西周|西郭|西方|西野|西宮|戲陽|瑕呂|霞露|夏侯|鮮虞|鮮于|鮮陽|鹹丘|相裏|解枇|謝丘|新垣|辛垣|信都|信平|修魚|徐吾|徐藤|徐離|宣于|軒轅|軒丘|閼氏|延陵|罔法|鉛陵|羊角|耶律|葉陽|伊祁|伊耆|猗盧|義渠|邑由|因孫|銀齒|尹文|雍門|游水|由吾|右師|宥連|於陵|虞丘|盂丘|宇文|尉遲|樂羊|樂正|運龍|運期|宰父|輾遲|湛盧|臧孫|章仇|仉督|長孫|長兒|真鄂|正令|執頭|中央|中長|中行|中野|中英|中梁|中壘|鐘離|鐘吾|終黎|終葵|仲孫|仲長|周陽|周氏|周生|朱陽|諸葛|主父|顓孫|顓頊|訾辱|淄丘|子言|子人|子服|子家|子桑|子叔|子車|子陽|宗伯|宗正|宗政|尊盧|昨和|左人|左丘|左師|左行|佐南|\\D)(\\D{1,2})$",
        "generator": "^(安陵|安平|安期|安是|安陽|白馬|百里|柏侯|鮑俎|北宮|北堂|北郭|北辰|北門|北山|北唐|奔水|逼陽|賓牟|薄奚|薄野|池張|陳一|曹牟|曹丘|常濤|長魚|車非|成功|成陽|乘馬|叱盧|丑門|樗里|穿封|淳于|單于|答祿|達勃|達步|達奚|鄧陵|第五|地連|地倫|東方|東里|東南|東宮|東門|東鄉|東丹|東郭|東陵|東關|東閭|東陽|東野|東萊|豆盧|鬥於|都尉|獨孤|端木|段干|多子|爾朱|方雷|豐將|封人|封父|夫蒙|夫餘|浮丘|傅餘|范姜|幹已|高車|高陵|高堂|高陽|高辛|皋落|哥舒|蓋樓|庚桑|梗陽|宮孫|公羊|公良|公孫|公罔|公西|公冶|公斂|公梁|公輸|公上|公山|公戶|公玉|公儀|公仲|公堅|公伯|公祖|公乘|公晰|公族|姑布|古口|古龍|古賴|古孫|穀梁|穀渾|瓜田|關龍|鮭陽|歸海|函治|韓餘|罕井|浩生|浩星|紇骨|紇奚|紇於|賀陳|賀撥|賀蘭|賀樓|赫連|黑齒|黑肱|侯岡|呼延|壺丘|呼衍|斛律|胡非|胡母|胡毋|胡林|皇甫|皇父|花裳|兀官|吉白|即墨|季瓜|季連|季孫|茄衆|蔣丘|金齒|晉楚|京城|涇陽|九百|九方|睢鳩|沮渠|巨母|姜勻|勘阻|渴侯|渴單|可汗|空桐|空相|昆吾|老陽|樂羊|荔菲|櫟陽|梁丘|梁由|梁餘|梁垣|陵陽|伶舟|冷淪|令狐|柳下|龍丘|盧妃|盧蒲|魯步|甪里|陸費|閭丘|祿閣|馬矢|馬師|麥丘|麥盧|茅夷|彌牟|密革|密茅|墨夷|墨台|萬俊|昌頓|慕容|木門|木易|万俟|孟玄|南宮|南郭|南門|南榮|南離|納蘭|歐侯|歐陽|逄門|盆成|彭祖|平陵|平寧|破醜|僕固|濮陽|浦思|漆雕|奇介|綦母|綦毋|綦連|祁連|乞伏|綺裏|千代|千乘|勤宿|青陽|丘麗|丘陵|屈侯|屈突|屈男|屈盧|屈同|屈門|屈引|壤駟|擾龍|容成|汝嫣|薩孤|三飯|三閭|三州|桑丘|商瞿|上官|尚方|少師|少施|少室|少叔|少正|社南|社北|申屠|申徒|沈猶|勝屠|石作|侍其|侍其|士季|士弱|士孫|士貞|叔孫|叔先|叔促|水丘|司城|司空|司寇|司鴻|司馬|司徒|司士|似和|素和|夙沙|孫陽|索陽|索盧|沓盧|太史|太叔|太陽|淡台|唐山|堂溪|陶丘|同蹄|統奚|禿發|塗欽|屠岸|吐火|吐賀|吐萬|吐羅|吐缶|吐難|吐缶|吐渾|吐奚|吐和|屯渾|脫脫|拓撥|拓跋|澹臺|譚劉|完顔|王孫|王官|王人|王劉|微生|尾勺|溫孤|溫稽|聞人|屋戶|巫馬|巫許|吾丘|無庸|無鉤|五鹿|武安|吳劉|王黃|息夫|西陵|西乞|西鑰|西鄉|西門|西周|西郭|西方|西野|西宮|戲陽|瑕呂|霞露|夏侯|鮮虞|鮮于|鮮陽|鹹丘|相裏|解枇|謝丘|新垣|辛垣|信都|信平|修魚|徐吾|徐藤|徐離|宣于|軒轅|軒丘|閼氏|延陵|罔法|鉛陵|羊角|耶律|葉陽|伊祁|伊耆|猗盧|義渠|邑由|因孫|銀齒|尹文|雍門|游水|由吾|右師|宥連|於陵|虞丘|盂丘|宇文|尉遲|樂羊|樂正|運龍|運期|宰父|輾遲|湛盧|臧孫|章仇|仉督|長孫|長兒|真鄂|正令|執頭|中央|中長|中行|中野|中英|中梁|中壘|鐘離|鐘吾|終黎|終葵|仲孫|仲長|周陽|周氏|周生|朱陽|諸葛|主父|顓孫|顓頊|訾辱|淄丘|子言|子人|子服|子家|子桑|子叔|子車|子陽|宗伯|宗正|宗政|尊盧|昨和|左人|左丘|左師|左行|佐南|\\D)(\\D{1,2})$"
    },
    "remain_last_name": {
        "check": "^(安陵|安平|安期|安是|安陽|白馬|百里|柏侯|鮑俎|北宮|北堂|北郭|北辰|北門|北山|北唐|奔水|逼陽|賓牟|薄奚|薄野|池張|陳一|曹牟|曹丘|常濤|長魚|車非|成功|成陽|乘馬|叱盧|丑門|樗里|穿封|淳于|單于|答祿|達勃|達步|達奚|鄧陵|第五|地連|地倫|東方|東里|東南|東宮|東門|東鄉|東丹|東郭|東陵|東關|東閭|東陽|東野|東萊|豆盧|鬥於|都尉|獨孤|端木|段干|多子|爾朱|方雷|豐將|封人|封父|夫蒙|夫餘|浮丘|傅餘|范姜|幹已|高車|高陵|高堂|高陽|高辛|皋落|哥舒|蓋樓|庚桑|梗陽|宮孫|公羊|公良|公孫|公罔|公西|公冶|公斂|公梁|公輸|公上|公山|公戶|公玉|公儀|公仲|公堅|公伯|公祖|公乘|公晰|公族|姑布|古口|古龍|古賴|古孫|穀梁|穀渾|瓜田|關龍|鮭陽|歸海|函治|韓餘|罕井|浩生|浩星|紇骨|紇奚|紇於|賀陳|賀撥|賀蘭|賀樓|赫連|黑齒|黑肱|侯岡|呼延|壺丘|呼衍|斛律|胡非|胡母|胡毋|胡林|皇甫|皇父|花裳|兀官|吉白|即墨|季瓜|季連|季孫|茄衆|蔣丘|金齒|晉楚|京城|涇陽|九百|九方|睢鳩|沮渠|巨母|姜勻|勘阻|渴侯|渴單|可汗|空桐|空相|昆吾|老陽|樂羊|荔菲|櫟陽|梁丘|梁由|梁餘|梁垣|陵陽|伶舟|冷淪|令狐|柳下|龍丘|盧妃|盧蒲|魯步|甪里|陸費|閭丘|祿閣|馬矢|馬師|麥丘|麥盧|茅夷|彌牟|密革|密茅|墨夷|墨台|萬俊|昌頓|慕容|木門|木易|万俟|孟玄|南宮|南郭|南門|南榮|南離|納蘭|歐侯|歐陽|逄門|盆成|彭祖|平陵|平寧|破醜|僕固|濮陽|浦思|漆雕|奇介|綦母|綦毋|綦連|祁連|乞伏|綺裏|千代|千乘|勤宿|青陽|丘麗|丘陵|屈侯|屈突|屈男|屈盧|屈同|屈門|屈引|壤駟|擾龍|容成|汝嫣|薩孤|三飯|三閭|三州|桑丘|商瞿|上官|尚方|少師|少施|少室|少叔|少正|社南|社北|申屠|申徒|沈猶|勝屠|石作|侍其|侍其|士季|士弱|士孫|士貞|叔孫|叔先|叔促|水丘|司城|司空|司寇|司鴻|司馬|司徒|司士|似和|素和|夙沙|孫陽|索陽|索盧|沓盧|太史|太叔|太陽|淡台|唐山|堂溪|陶丘|同蹄|統奚|禿發|塗欽|屠岸|吐火|吐賀|吐萬|吐羅|吐缶|吐難|吐缶|吐渾|吐奚|吐和|屯渾|脫脫|拓撥|拓跋|澹臺|譚劉|完顔|王孫|王官|王人|王劉|微生|尾勺|溫孤|溫稽|聞人|屋戶|巫馬|巫許|吾丘|無庸|無鉤|五鹿|武安|吳劉|王黃|息夫|西陵|西乞|西鑰|西鄉|西門|西周|西郭|西方|西野|西宮|戲陽|瑕呂|霞露|夏侯|鮮虞|鮮于|鮮陽|鹹丘|相裏|解枇|謝丘|新垣|辛垣|信都|信平|修魚|徐吾|徐藤|徐離|宣于|軒轅|軒丘|閼氏|延陵|罔法|鉛陵|羊角|耶律|葉陽|伊祁|伊耆|猗盧|義渠|邑由|因孫|銀齒|尹文|雍門|游水|由吾|右師|宥連|於陵|虞丘|盂丘|宇文|尉遲|樂羊|樂正|運龍|運期|宰父|輾遲|湛盧|臧孫|章仇|仉督|長孫|長兒|真鄂|正令|執頭|中央|中長|中行|中野|中英|中梁|中壘|鐘離|鐘吾|終黎|終葵|仲孫|仲長|周陽|周氏|周生|朱陽|諸葛|主父|顓孫|顓頊|訾辱|淄丘|子言|子人|子服|子家|子桑|子叔|子車|子陽|宗伯|宗正|宗政|尊盧|昨和|左人|左丘|左師|左行|佐南|\\D)(\\D{1,2})$",
        "generator": "^$1\\○{1,2}$"
    },
    "all": {
        "check": "^(安陵|安平|安期|安是|安陽|白馬|百里|柏侯|鮑俎|北宮|北堂|北郭|北辰|北門|北山|北唐|奔水|逼陽|賓牟|薄奚|薄野|池張|陳一|曹牟|曹丘|常濤|長魚|車非|成功|成陽|乘馬|叱盧|丑門|樗里|穿封|淳于|單于|答祿|達勃|達步|達奚|鄧陵|第五|地連|地倫|東方|東里|東南|東宮|東門|東鄉|東丹|東郭|東陵|東關|東閭|東陽|東野|東萊|豆盧|鬥於|都尉|獨孤|端木|段干|多子|爾朱|方雷|豐將|封人|封父|夫蒙|夫餘|浮丘|傅餘|范姜|幹已|高車|高陵|高堂|高陽|高辛|皋落|哥舒|蓋樓|庚桑|梗陽|宮孫|公羊|公良|公孫|公罔|公西|公冶|公斂|公梁|公輸|公上|公山|公戶|公玉|公儀|公仲|公堅|公伯|公祖|公乘|公晰|公族|姑布|古口|古龍|古賴|古孫|穀梁|穀渾|瓜田|關龍|鮭陽|歸海|函治|韓餘|罕井|浩生|浩星|紇骨|紇奚|紇於|賀陳|賀撥|賀蘭|賀樓|赫連|黑齒|黑肱|侯岡|呼延|壺丘|呼衍|斛律|胡非|胡母|胡毋|胡林|皇甫|皇父|花裳|兀官|吉白|即墨|季瓜|季連|季孫|茄衆|蔣丘|金齒|晉楚|京城|涇陽|九百|九方|睢鳩|沮渠|巨母|姜勻|勘阻|渴侯|渴單|可汗|空桐|空相|昆吾|老陽|樂羊|荔菲|櫟陽|梁丘|梁由|梁餘|梁垣|陵陽|伶舟|冷淪|令狐|柳下|龍丘|盧妃|盧蒲|魯步|甪里|陸費|閭丘|祿閣|馬矢|馬師|麥丘|麥盧|茅夷|彌牟|密革|密茅|墨夷|墨台|萬俊|昌頓|慕容|木門|木易|万俟|孟玄|南宮|南郭|南門|南榮|南離|納蘭|歐侯|歐陽|逄門|盆成|彭祖|平陵|平寧|破醜|僕固|濮陽|浦思|漆雕|奇介|綦母|綦毋|綦連|祁連|乞伏|綺裏|千代|千乘|勤宿|青陽|丘麗|丘陵|屈侯|屈突|屈男|屈盧|屈同|屈門|屈引|壤駟|擾龍|容成|汝嫣|薩孤|三飯|三閭|三州|桑丘|商瞿|上官|尚方|少師|少施|少室|少叔|少正|社南|社北|申屠|申徒|沈猶|勝屠|石作|侍其|侍其|士季|士弱|士孫|士貞|叔孫|叔先|叔促|水丘|司城|司空|司寇|司鴻|司馬|司徒|司士|似和|素和|夙沙|孫陽|索陽|索盧|沓盧|太史|太叔|太陽|淡台|唐山|堂溪|陶丘|同蹄|統奚|禿發|塗欽|屠岸|吐火|吐賀|吐萬|吐羅|吐缶|吐難|吐缶|吐渾|吐奚|吐和|屯渾|脫脫|拓撥|拓跋|澹臺|譚劉|完顔|王孫|王官|王人|王劉|微生|尾勺|溫孤|溫稽|聞人|屋戶|巫馬|巫許|吾丘|無庸|無鉤|五鹿|武安|吳劉|王黃|息夫|西陵|西乞|西鑰|西鄉|西門|西周|西郭|西方|西野|西宮|戲陽|瑕呂|霞露|夏侯|鮮虞|鮮于|鮮陽|鹹丘|相裏|解枇|謝丘|新垣|辛垣|信都|信平|修魚|徐吾|徐藤|徐離|宣于|軒轅|軒丘|閼氏|延陵|罔法|鉛陵|羊角|耶律|葉陽|伊祁|伊耆|猗盧|義渠|邑由|因孫|銀齒|尹文|雍門|游水|由吾|右師|宥連|於陵|虞丘|盂丘|宇文|尉遲|樂羊|樂正|運龍|運期|宰父|輾遲|湛盧|臧孫|章仇|仉督|長孫|長兒|真鄂|正令|執頭|中央|中長|中行|中野|中英|中梁|中壘|鐘離|鐘吾|終黎|終葵|仲孫|仲長|周陽|周氏|周生|朱陽|諸葛|主父|顓孫|顓頊|訾辱|淄丘|子言|子人|子服|子家|子桑|子叔|子車|子陽|宗伯|宗正|宗政|尊盧|昨和|左人|左丘|左師|左行|佐南|\\D)(\\D{1,2})$",
        "generator": "^\\○{2,4}$"
    },
    "fake_name": {
        "check": "^(安陵|安平|安期|安是|安陽|白馬|百里|柏侯|鮑俎|北宮|北堂|北郭|北辰|北門|北山|北唐|奔水|逼陽|賓牟|薄奚|薄野|池張|陳一|曹牟|曹丘|常濤|長魚|車非|成功|成陽|乘馬|叱盧|丑門|樗里|穿封|淳于|單于|答祿|達勃|達步|達奚|鄧陵|第五|地連|地倫|東方|東里|東南|東宮|東門|東鄉|東丹|東郭|東陵|東關|東閭|東陽|東野|東萊|豆盧|鬥於|都尉|獨孤|端木|段干|多子|爾朱|方雷|豐將|封人|封父|夫蒙|夫餘|浮丘|傅餘|范姜|幹已|高車|高陵|高堂|高陽|高辛|皋落|哥舒|蓋樓|庚桑|梗陽|宮孫|公羊|公良|公孫|公罔|公西|公冶|公斂|公梁|公輸|公上|公山|公戶|公玉|公儀|公仲|公堅|公伯|公祖|公乘|公晰|公族|姑布|古口|古龍|古賴|古孫|穀梁|穀渾|瓜田|關龍|鮭陽|歸海|函治|韓餘|罕井|浩生|浩星|紇骨|紇奚|紇於|賀陳|賀撥|賀蘭|賀樓|赫連|黑齒|黑肱|侯岡|呼延|壺丘|呼衍|斛律|胡非|胡母|胡毋|胡林|皇甫|皇父|花裳|兀官|吉白|即墨|季瓜|季連|季孫|茄衆|蔣丘|金齒|晉楚|京城|涇陽|九百|九方|睢鳩|沮渠|巨母|姜勻|勘阻|渴侯|渴單|可汗|空桐|空相|昆吾|老陽|樂羊|荔菲|櫟陽|梁丘|梁由|梁餘|梁垣|陵陽|伶舟|冷淪|令狐|柳下|龍丘|盧妃|盧蒲|魯步|甪里|陸費|閭丘|祿閣|馬矢|馬師|麥丘|麥盧|茅夷|彌牟|密革|密茅|墨夷|墨台|萬俊|昌頓|慕容|木門|木易|万俟|孟玄|南宮|南郭|南門|南榮|南離|納蘭|歐侯|歐陽|逄門|盆成|彭祖|平陵|平寧|破醜|僕固|濮陽|浦思|漆雕|奇介|綦母|綦毋|綦連|祁連|乞伏|綺裏|千代|千乘|勤宿|青陽|丘麗|丘陵|屈侯|屈突|屈男|屈盧|屈同|屈門|屈引|壤駟|擾龍|容成|汝嫣|薩孤|三飯|三閭|三州|桑丘|商瞿|上官|尚方|少師|少施|少室|少叔|少正|社南|社北|申屠|申徒|沈猶|勝屠|石作|侍其|侍其|士季|士弱|士孫|士貞|叔孫|叔先|叔促|水丘|司城|司空|司寇|司鴻|司馬|司徒|司士|似和|素和|夙沙|孫陽|索陽|索盧|沓盧|太史|太叔|太陽|淡台|唐山|堂溪|陶丘|同蹄|統奚|禿發|塗欽|屠岸|吐火|吐賀|吐萬|吐羅|吐缶|吐難|吐缶|吐渾|吐奚|吐和|屯渾|脫脫|拓撥|拓跋|澹臺|譚劉|完顔|王孫|王官|王人|王劉|微生|尾勺|溫孤|溫稽|聞人|屋戶|巫馬|巫許|吾丘|無庸|無鉤|五鹿|武安|吳劉|王黃|息夫|西陵|西乞|西鑰|西鄉|西門|西周|西郭|西方|西野|西宮|戲陽|瑕呂|霞露|夏侯|鮮虞|鮮于|鮮陽|鹹丘|相裏|解枇|謝丘|新垣|辛垣|信都|信平|修魚|徐吾|徐藤|徐離|宣于|軒轅|軒丘|閼氏|延陵|罔法|鉛陵|羊角|耶律|葉陽|伊祁|伊耆|猗盧|義渠|邑由|因孫|銀齒|尹文|雍門|游水|由吾|右師|宥連|於陵|虞丘|盂丘|宇文|尉遲|樂羊|樂正|運龍|運期|宰父|輾遲|湛盧|臧孫|章仇|仉督|長孫|長兒|真鄂|正令|執頭|中央|中長|中行|中野|中英|中梁|中壘|鐘離|鐘吾|終黎|終葵|仲孫|仲長|周陽|周氏|周生|朱陽|諸葛|主父|顓孫|顓頊|訾辱|淄丘|子言|子人|子服|子家|子桑|子叔|子車|子陽|宗伯|宗正|宗政|尊盧|昨和|左人|左丘|左師|左行|佐南|\\D)(\\D{1,2})$",
        "generator": "^(安陵|安平|安期|安是|安陽|白馬|百里|柏侯|鮑俎|北宮|北堂|北郭|北辰|北門|北山|北唐|奔水|逼陽|賓牟|薄奚|薄野|池張|陳一|曹牟|曹丘|常濤|長魚|車非|成功|成陽|乘馬|叱盧|丑門|樗里|穿封|淳于|單于|答祿|達勃|達步|達奚|鄧陵|第五|地連|地倫|東方|東里|東南|東宮|東門|東鄉|東丹|東郭|東陵|東關|東閭|東陽|東野|東萊|豆盧|鬥於|都尉|獨孤|端木|段干|多子|爾朱|方雷|豐將|封人|封父|夫蒙|夫餘|浮丘|傅餘|范姜|幹已|高車|高陵|高堂|高陽|高辛|皋落|哥舒|蓋樓|庚桑|梗陽|宮孫|公羊|公良|公孫|公罔|公西|公冶|公斂|公梁|公輸|公上|公山|公戶|公玉|公儀|公仲|公堅|公伯|公祖|公乘|公晰|公族|姑布|古口|古龍|古賴|古孫|穀梁|穀渾|瓜田|關龍|鮭陽|歸海|函治|韓餘|罕井|浩生|浩星|紇骨|紇奚|紇於|賀陳|賀撥|賀蘭|賀樓|赫連|黑齒|黑肱|侯岡|呼延|壺丘|呼衍|斛律|胡非|胡母|胡毋|胡林|皇甫|皇父|花裳|兀官|吉白|即墨|季瓜|季連|季孫|茄衆|蔣丘|金齒|晉楚|京城|涇陽|九百|九方|睢鳩|沮渠|巨母|姜勻|勘阻|渴侯|渴單|可汗|空桐|空相|昆吾|老陽|樂羊|荔菲|櫟陽|梁丘|梁由|梁餘|梁垣|陵陽|伶舟|冷淪|令狐|柳下|龍丘|盧妃|盧蒲|魯步|甪里|陸費|閭丘|祿閣|馬矢|馬師|麥丘|麥盧|茅夷|彌牟|密革|密茅|墨夷|墨台|萬俊|昌頓|慕容|木門|木易|万俟|孟玄|南宮|南郭|南門|南榮|南離|納蘭|歐侯|歐陽|逄門|盆成|彭祖|平陵|平寧|破醜|僕固|濮陽|浦思|漆雕|奇介|綦母|綦毋|綦連|祁連|乞伏|綺裏|千代|千乘|勤宿|青陽|丘麗|丘陵|屈侯|屈突|屈男|屈盧|屈同|屈門|屈引|壤駟|擾龍|容成|汝嫣|薩孤|三飯|三閭|三州|桑丘|商瞿|上官|尚方|少師|少施|少室|少叔|少正|社南|社北|申屠|申徒|沈猶|勝屠|石作|侍其|侍其|士季|士弱|士孫|士貞|叔孫|叔先|叔促|水丘|司城|司空|司寇|司鴻|司馬|司徒|司士|似和|素和|夙沙|孫陽|索陽|索盧|沓盧|太史|太叔|太陽|淡台|唐山|堂溪|陶丘|同蹄|統奚|禿發|塗欽|屠岸|吐火|吐賀|吐萬|吐羅|吐缶|吐難|吐缶|吐渾|吐奚|吐和|屯渾|脫脫|拓撥|拓跋|澹臺|譚劉|完顔|王孫|王官|王人|王劉|微生|尾勺|溫孤|溫稽|聞人|屋戶|巫馬|巫許|吾丘|無庸|無鉤|五鹿|武安|吳劉|王黃|息夫|西陵|西乞|西鑰|西鄉|西門|西周|西郭|西方|西野|西宮|戲陽|瑕呂|霞露|夏侯|鮮虞|鮮于|鮮陽|鹹丘|相裏|解枇|謝丘|新垣|辛垣|信都|信平|修魚|徐吾|徐藤|徐離|宣于|軒轅|軒丘|閼氏|延陵|罔法|鉛陵|羊角|耶律|葉陽|伊祁|伊耆|猗盧|義渠|邑由|因孫|銀齒|尹文|雍門|游水|由吾|右師|宥連|於陵|虞丘|盂丘|宇文|尉遲|樂羊|樂正|運龍|運期|宰父|輾遲|湛盧|臧孫|章仇|仉督|長孫|長兒|真鄂|正令|執頭|中央|中長|中行|中野|中英|中梁|中壘|鐘離|鐘吾|終黎|終葵|仲孫|仲長|周陽|周氏|周生|朱陽|諸葛|主父|顓孫|顓頊|訾辱|淄丘|子言|子人|子服|子家|子桑|子叔|子車|子陽|宗伯|宗正|宗政|尊盧|昨和|左人|左丘|左師|左行|佐南|\\D)(\\D{1,2})$"
    }
}
