{
    "aging_amount": {
        "check": "^\\d{4}-([0]{0,1}[1-9]|1[012])-([1-9]|([012][0-9])|(3[01])) (20|21|22|23|[0-1]?\\d):[0-5]?\\d:[0-5]?\\d$",
        "generator": "^\\d{4}-([0]{0,1}[1-9]|1[012])-([1-9]|([012][0-9])|(3[01])) (20|21|22|23|[0-1]?\\d):[0-5]?\\d:[0-5]?\\d$"
    },
    "specific_year": {
        "check": "^\\d{4}-([0]{0,1}[1-9]|1[012])-([1-9]|([012][0-9])|(3[01])) (20|21|22|23|[0-1]?\\d):[0-5]?\\d:[0-5]?\\d$",
        "generator": "^\\d{4}-([0]{0,1}[1-9]|1[012])-([1-9]|([012][0-9])|(3[01])) (20|21|22|23|[0-1]?\\d):[0-5]?\\d:[0-5]?\\d$"
    },
}