{
    "all": {
        "check": "^(?P<username>[a-zA-Z0-9_.-]+)@(?P<domain>[a-zA-Z0-9-]+.[a-zA-Z0-9-.]+)$",
        "generator": "^(?P<username>[a-zA-Z0-9_.-]+)@(?P<domain>[a-zA-Z0-9-]+.[a-zA-Z0-9-.]+)$"
    },
    "username_only": {
        "check": "^(?P<username>[a-zA-Z0-9_.-]+)@(?P<domain>[a-zA-Z0-9-]+.[a-zA-Z0-9-.]+)$",
        "generator": "^(?P<username>[a-zA-Z0-9_.-]+)@${domain}$"
    },
    "domain_only": {
        "check": "^(?P<username>[a-zA-Z0-9_.-]+)@(?P<domain>[a-zA-Z0-9-]+.[a-zA-Z0-9-.]+)$",
        "generator": "^${username}@(?P<domain>[a-zA-Z0-9-]+.[a-zA-Z0-9-.]+)$"
    }
}