{
    "origin": {
        "check": "^[1,2]([ -]?)[0-9]{2}\\1[0,1,2,3,5][0-9]\\1[0-9A-Z]{5}\\1[0-9]{3}\\1[ -]?[0-9]{2}$",
        "generator": "^[1,2]([ -]?)[0-9]{2}\\1[0,1,2,3,5][0-9]\\1[0-9A-Z]{5}\\1[0-9]{3}\\1[ -]?[0-9]{2}$"
    },
    "no_separator": {
        "check": "^[1,2]([ -]?)[0-9]{2}\\1[0,1,2,3,5][0-9]\\1[0-9A-Z]{5}\\1[0-9]{3}\\1[ -]?[0-9]{2}$",
        "generator": "^[1,2][0-9]{2}[0,1,2,3,5][0-9][0-9A-Z]{5}[0-9]{3}[0-9]{2}$"
    },
    "dash": {
        "check": "^[1,2]([ -]?)[0-9]{2}\\1[0,1,2,3,5][0-9]\\1[0-9A-Z]{5}\\1[0-9]{3}\\1[ -]?[0-9]{2}$",
        "generator": "^[1,2][0-9]{2}[0,1,2,3,5][0-9][0-9A-Z]{5}[0-9]{3}[-][0-9]{2}$"
    },
    "space": {
        "check": "^[1,2]([ -]?)[0-9]{2}\\1[0,1,2,3,5][0-9]\\1[0-9A-Z]{5}\\1[0-9]{3}\\1[ -]?[0-9]{2}$",
        "generator": "^[1,2][0-9]{2}[0,1,2,3,5][0-9][0-9A-Z]{5}[0-9]{3}[ ][0-9]{2}$"
    }
}