{
    "origin": {
        "check": "^(?<city>(香港|九龍|新界))(?<district>(昂船洲|昂坪|八鄉|半山區|薄扶林|寶馬山|北角|筆架山|茶果嶺|柴灣|赤鱲角|赤柱|舂坎角|舂磡角|船灣|慈雲山|打鼓嶺|大澳|大埔[滘墟]?|大角咀|大坑|大欖[涌]?|大水坑|大潭|大棠|大網仔|大圍|大尾篤|大窩坪|大嶼山|調景嶺|東頭|東涌|粉嶺|古洞|觀塘|何文田|橫頭磡|洪水橋|紅磡|黃大仙|黃竹坑|火炭|吉澳|尖沙咀|堅尼地城|將軍澳|金鐘|錦田|京士柏|九龍城|九龍塘|九龍灣|軍地|坑口|葵涌|葵芳|藍地|藍田|樂富|梨木樹|鯉魚門|荔枝角|聯和墟|流浮山|鹿頸|羅湖|落馬洲|馬鞍山|馬料水|馬頭角|馬頭圍|馬灣|馬游塘|梅窩|美孚|南丫島|牛池灣|牛頭角|跑馬地|炮台山|坪輋|坪石|坪洲|屏山|企嶺下|啟德|淺水灣|青龍頭|青衣|清水灣|荃灣|掃桿埔|掃管笏|沙田|沙頭角|廈村|山頂|上環|上水|筲箕灣|深井|深水埗|深水灣|石澳|石壁|石崗|石鼓洲|石湖墟|石塘咀|石硤尾|壽臣山|塔門|太子|潭尾|塘福|天后|天水圍|汀角|汀九|銅鑼灣|土瓜灣|屯門|灣仔|旺角|烏蛟騰|烏溪沙|西貢|西灣河|西營盤|喜靈洲|香港仔|小欖|小瀝源|小西灣|欣澳|新蒲崗|新田|秀茂坪|鴨脷洲|油麻地|油塘|又一村|愉景灣|元朗|鰂魚涌|渣甸山|樟木頭|長沙[灣]?|長洲|芝麻灣|中環|鑽石山|佐敦[谷]?))(?<others>.+)$",
        "generator": "^(?<city>(香港|九龍|新界))(?<district>(昂船洲|昂坪|八鄉|半山區|薄扶林|寶馬山|北角|筆架山|茶果嶺|柴灣|赤鱲角|赤柱|舂坎角|舂磡角|船灣|慈雲山|打鼓嶺|大澳|大埔[滘墟]?|大角咀|大坑|大欖[涌]?|大水坑|大潭|大棠|大網仔|大圍|大尾篤|大窩坪|大嶼山|調景嶺|東頭|東涌|粉嶺|古洞|觀塘|何文田|橫頭磡|洪水橋|紅磡|黃大仙|黃竹坑|火炭|吉澳|尖沙咀|堅尼地城|將軍澳|金鐘|錦田|京士柏|九龍城|九龍塘|九龍灣|軍地|坑口|葵涌|葵芳|藍地|藍田|樂富|梨木樹|鯉魚門|荔枝角|聯和墟|流浮山|鹿頸|羅湖|落馬洲|馬鞍山|馬料水|馬頭角|馬頭圍|馬灣|馬游塘|梅窩|美孚|南丫島|牛池灣|牛頭角|跑馬地|炮台山|坪輋|坪石|坪洲|屏山|企嶺下|啟德|淺水灣|青龍頭|青衣|清水灣|荃灣|掃桿埔|掃管笏|沙田|沙頭角|廈村|山頂|上環|上水|筲箕灣|深井|深水埗|深水灣|石澳|石壁|石崗|石鼓洲|石湖墟|石塘咀|石硤尾|壽臣山|塔門|太子|潭尾|塘福|天后|天水圍|汀角|汀九|銅鑼灣|土瓜灣|屯門|灣仔|旺角|烏蛟騰|烏溪沙|西貢|西灣河|西營盤|喜靈洲|香港仔|小欖|小瀝源|小西灣|欣澳|新蒲崗|新田|秀茂坪|鴨脷洲|油麻地|油塘|又一村|愉景灣|元朗|鰂魚涌|渣甸山|樟木頭|長沙[灣]?|長洲|芝麻灣|中環|鑽石山|佐敦[谷]?))(?<others>.+)$"
    },
    "all": {
        "check": "^(?<city>(香港|九龍|新界))(?<district>(昂船洲|昂坪|八鄉|半山區|薄扶林|寶馬山|北角|筆架山|茶果嶺|柴灣|赤鱲角|赤柱|舂坎角|舂磡角|船灣|慈雲山|打鼓嶺|大澳|大埔[滘墟]?|大角咀|大坑|大欖[涌]?|大水坑|大潭|大棠|大網仔|大圍|大尾篤|大窩坪|大嶼山|調景嶺|東頭|東涌|粉嶺|古洞|觀塘|何文田|橫頭磡|洪水橋|紅磡|黃大仙|黃竹坑|火炭|吉澳|尖沙咀|堅尼地城|將軍澳|金鐘|錦田|京士柏|九龍城|九龍塘|九龍灣|軍地|坑口|葵涌|葵芳|藍地|藍田|樂富|梨木樹|鯉魚門|荔枝角|聯和墟|流浮山|鹿頸|羅湖|落馬洲|馬鞍山|馬料水|馬頭角|馬頭圍|馬灣|馬游塘|梅窩|美孚|南丫島|牛池灣|牛頭角|跑馬地|炮台山|坪輋|坪石|坪洲|屏山|企嶺下|啟德|淺水灣|青龍頭|青衣|清水灣|荃灣|掃桿埔|掃管笏|沙田|沙頭角|廈村|山頂|上環|上水|筲箕灣|深井|深水埗|深水灣|石澳|石壁|石崗|石鼓洲|石湖墟|石塘咀|石硤尾|壽臣山|塔門|太子|潭尾|塘福|天后|天水圍|汀角|汀九|銅鑼灣|土瓜灣|屯門|灣仔|旺角|烏蛟騰|烏溪沙|西貢|西灣河|西營盤|喜靈洲|香港仔|小欖|小瀝源|小西灣|欣澳|新蒲崗|新田|秀茂坪|鴨脷洲|油麻地|油塘|又一村|愉景灣|元朗|鰂魚涌|渣甸山|樟木頭|長沙[灣]?|長洲|芝麻灣|中環|鑽石山|佐敦[谷]?))(?<others>.+)$",
        "generator": "^\\*+$"
    },
    "district_and_street_preserve": {
        "check": "^(?<city>(香港|九龍|新界))(?<district>(昂船洲|昂坪|八鄉|半山區|薄扶林|寶馬山|北角|筆架山|茶果嶺|柴灣|赤鱲角|赤柱|舂坎角|舂磡角|船灣|慈雲山|打鼓嶺|大澳|大埔[滘墟]?|大角咀|大坑|大欖[涌]?|大水坑|大潭|大棠|大網仔|大圍|大尾篤|大窩坪|大嶼山|調景嶺|東頭|東涌|粉嶺|古洞|觀塘|何文田|橫頭磡|洪水橋|紅磡|黃大仙|黃竹坑|火炭|吉澳|尖沙咀|堅尼地城|將軍澳|金鐘|錦田|京士柏|九龍城|九龍塘|九龍灣|軍地|坑口|葵涌|葵芳|藍地|藍田|樂富|梨木樹|鯉魚門|荔枝角|聯和墟|流浮山|鹿頸|羅湖|落馬洲|馬鞍山|馬料水|馬頭角|馬頭圍|馬灣|馬游塘|梅窩|美孚|南丫島|牛池灣|牛頭角|跑馬地|炮台山|坪輋|坪石|坪洲|屏山|企嶺下|啟德|淺水灣|青龍頭|青衣|清水灣|荃灣|掃桿埔|掃管笏|沙田|沙頭角|廈村|山頂|上環|上水|筲箕灣|深井|深水埗|深水灣|石澳|石壁|石崗|石鼓洲|石湖墟|石塘咀|石硤尾|壽臣山|塔門|太子|潭尾|塘福|天后|天水圍|汀角|汀九|銅鑼灣|土瓜灣|屯門|灣仔|旺角|烏蛟騰|烏溪沙|西貢|西灣河|西營盤|喜靈洲|香港仔|小欖|小瀝源|小西灣|欣澳|新蒲崗|新田|秀茂坪|鴨脷洲|油麻地|油塘|又一村|愉景灣|元朗|鰂魚涌|渣甸山|樟木頭|長沙[灣]?|長洲|芝麻灣|中環|鑽石山|佐敦[谷]?))(?<others>.+)$",
        "generator": "^$1$2\\*+$"
    },
    "district_preserve": {
        "check": "^(?<city>(香港|九龍|新界))(?<district>(昂船洲|昂坪|八鄉|半山區|薄扶林|寶馬山|北角|筆架山|茶果嶺|柴灣|赤鱲角|赤柱|舂坎角|舂磡角|船灣|慈雲山|打鼓嶺|大澳|大埔[滘墟]?|大角咀|大坑|大欖[涌]?|大水坑|大潭|大棠|大網仔|大圍|大尾篤|大窩坪|大嶼山|調景嶺|東頭|東涌|粉嶺|古洞|觀塘|何文田|橫頭磡|洪水橋|紅磡|黃大仙|黃竹坑|火炭|吉澳|尖沙咀|堅尼地城|將軍澳|金鐘|錦田|京士柏|九龍城|九龍塘|九龍灣|軍地|坑口|葵涌|葵芳|藍地|藍田|樂富|梨木樹|鯉魚門|荔枝角|聯和墟|流浮山|鹿頸|羅湖|落馬洲|馬鞍山|馬料水|馬頭角|馬頭圍|馬灣|馬游塘|梅窩|美孚|南丫島|牛池灣|牛頭角|跑馬地|炮台山|坪輋|坪石|坪洲|屏山|企嶺下|啟德|淺水灣|青龍頭|青衣|清水灣|荃灣|掃桿埔|掃管笏|沙田|沙頭角|廈村|山頂|上環|上水|筲箕灣|深井|深水埗|深水灣|石澳|石壁|石崗|石鼓洲|石湖墟|石塘咀|石硤尾|壽臣山|塔門|太子|潭尾|塘福|天后|天水圍|汀角|汀九|銅鑼灣|土瓜灣|屯門|灣仔|旺角|烏蛟騰|烏溪沙|西貢|西灣河|西營盤|喜靈洲|香港仔|小欖|小瀝源|小西灣|欣澳|新蒲崗|新田|秀茂坪|鴨脷洲|油麻地|油塘|又一村|愉景灣|元朗|鰂魚涌|渣甸山|樟木頭|長沙[灣]?|長洲|芝麻灣|中環|鑽石山|佐敦[谷]?))(?<others>.+)$",
        "generator": "^$1\\*+$"
    }
}
