{
    "origin": {
        "check": "^(([01]?\\d\\d?|2[0-4]\\d|25[0-5]))\\.(([01]?\\d\\d?|2[0-4]\\d|25[0-5]))\\.(([01]?\\d\\d?|2[0-4]\\d|25[0-5]))\\.([01]?\\d\\d?|2[0-4]\\d|25[0-5])$",
        "generator": "^(([01]?\\d\\d?|2[0-4]\\d|25[0-5]))\\.(([01]?\\d\\d?|2[0-4]\\d|25[0-5]))\\.(([01]?\\d\\d?|2[0-4]\\d|25[0-5]))\\.([01]?\\d\\d?|2[0-4]\\d|25[0-5])$"
    },
    "all": {
        "check": "^(([01]?\\d\\d?|2[0-4]\\d|25[0-5]))\\.(([01]?\\d\\d?|2[0-4]\\d|25[0-5]))\\.(([01]?\\d\\d?|2[0-4]\\d|25[0-5]))\\.([01]?\\d\\d?|2[0-4]\\d|25[0-5])$",
        "generator": "^\\*{1,3}\\.\\*{1,3}\\.\\*{1,3}\\.\\*{1,3}$"
    },
    "fake_ip": {
        "check": "^(([01]?\\d\\d?|2[0-4]\\d|25[0-5]))\\.(([01]?\\d\\d?|2[0-4]\\d|25[0-5]))\\.(([01]?\\d\\d?|2[0-4]\\d|25[0-5]))\\.([01]?\\d\\d?|2[0-4]\\d|25[0-5])$",
        "generator": "^(([01]?\\d\\d?|2[0-4]\\d|22[0-3]))\\.(([01]?\\d\\d?|2[0-4]\\d|25[0-5]))\\.(([01]?\\d\\d?|2[0-4]\\d|25[0-5]))\\.([01]?\\d\\d?|2[0-4]\\d|25[0-5])$"
    }
}