{
    "origin": {
        "check": "^[A-Z]{3}([ -]?)[A-Z]{3}\\1[0-9]{2}[A-E,H,L,M,P,R-T][0-9]{2}\\1[A-Z0-9]{5}$",
        "generator": "^[A-Z]{3}([ -]?)[A-Z]{3}\\1[0-9]{2}[A-E,H,L,M,P,R-T][0-9]{2}\\1[A-Z0-9]{5}$"
    },
    "no_separator": {
        "check": "^[A-Z]{3}([ -]?)[A-Z]{3}\\1[0-9]{2}[A-E,H,L,M,P,R-T][0-9]{2}\\1[A-Z0-9]{5}$",
        "generator": "^[A-Z]{6}[0-9]{2}[A-E,H,L,M,P,R-T][0-9]{2}[A-Z0-9]{5}$"
    },
    "dash": {
        "check": "^[A-Z]{3}([ -]?)[A-Z]{3}\\1[0-9]{2}[A-E,H,L,M,P,R-T][0-9]{2}\\1[A-Z0-9]{5}$",
        "generator": "^[A-Z]{3}[-][A-Z]{3}[-][0-9]{2}[A-E,H,L,M,P,R-T][0-9]{2}[-][A-Z0-9]{5}$"
    },
    "space": {
        "check": "^[A-Z]{3}([ -]?)[A-Z]{3}\\1[0-9]{2}[A-E,H,L,M,P,R-T][0-9]{2}\\1[A-Z0-9]{5}$",
        "generator": "^[A-Z]{3}[ ][A-Z]{3}[ ][0-9]{2}[A-E,H,L,M,P,R-T][0-9]{2}[ ][A-Z0-9]{5}$"
    }
}