{
    "origin": {
        "check": "^(?<zipcode>(^\\d{5}|^\\d{3})?)(?<city>\\D+?[縣市])(?<region>\\D+?(市區|鎮區|鎮市|[鄉鎮市區]))?(?<village>\\D+?[村里])?(?<neighbor>\\d+[鄰])?(?<road>\\D+?(村路|[路街道段]))?(?<section>\\D?段)?(?<others>.+)?$",
        "generator": "^(?<zipcode>(^\\d{5}|^\\d{3})?)(?<city>\\D+?[縣市])(?<region>\\D+?(市區|鎮區|鎮市|[鄉鎮市區]))?(?<village>\\D+?[村里])?(?<neighbor>\\d+[鄰])?(?<road>\\D+?(村路|[路街道段]))?(?<section>\\D?段)?(?<others>.+)?$"
    },
    "masking_after_road": {
        "check": "^(?<zipcode>(^\\d{5}|^\\d{3})?)(?<city>\\D+?[縣市])(?<region>\\D+?(市區|鎮區|鎮市|[鄉鎮市區]))?(?<village>\\D+?[村里])?(?<neighbor>\\d+[鄰])?(?<road>\\D+?(村路|[路街道段]))?(?<section>\\D?段)?(?<others>.+)?$",
        "generator": "^${zipcode}${city}${region}${road}\\*+$"
    },
    "fake_address": {
        "check": "^(?<zipcode>(^\\d{5}|^\\d{3})?)(?<city>\\D+?[縣市])(?<region>\\D+?(市區|鎮區|鎮市|[鄉鎮市區]))?(?<village>\\D+?[村里])?(?<neighbor>\\d+[鄰])?(?<road>\\D+?(村路|[路街道段]))?(?<section>\\D?段)?(?<others>.+)?$",
        "generator": "^(?<zipcode>(^\\d{5}|^\\d{3})?)(?<city>\\D+?[縣市])(?<region>\\D+?(市區|鎮區|鎮市|[鄉鎮市區]))?(?<village>\\D+?[村里])?(?<neighbor>\\d+[鄰])?(?<road>\\D+?(村路|[路街道段]))?(?<section>\\D?段)?${others}$"
    }
}