{
    "origin": {
        "check": "^(?!000|666)[0-8][0-9]{2}([ .-]?)(?!00)[0-9]{2}\\1(?!0000)[0-9]{4}$",
        "generator": "^(?!000|666)[0-8][0-9]{2}([ .-]?)(?!00)[0-9]{2}\\1(?!0000)[0-9]{4}$"
    },
    "no_separator": {
        "check": "^(?!000|666)[0-8][0-9]{2}([ .-]?)(?!00)[0-9]{2}\\1(?!0000)[0-9]{4}$",
        "generator": "^(?!000|666)[0-8][0-9]{2}(?!00)[0-9]{2}(?!0000)[0-9]{4}$"
    },
    "dash": {
        "check": "^(?!000|666)[0-8][0-9]{2}([ .-]?)(?!00)[0-9]{2}\\1(?!0000)[0-9]{4}$",
        "generator": "^(?!000|666)[0-8][0-9]{2}[-](?!00)[0-9]{2}[-](?!0000)[0-9]{4}$"
    },
    "space": {
        "check": "^(?!000|666)[0-8][0-9]{2}([ .-]?)(?!00)[0-9]{2}\\1(?!0000)[0-9]{4}$",
        "generator": "^(?!000|666)[0-8][0-9]{2}[ ](?!00)[0-9]{2}[ ](?!0000)[0-9]{4}$"
    },
    "dot": {
        "check": "^(?!000|666)[0-8][0-9]{2}([ .-]?)(?!00)[0-9]{2}\\1(?!0000)[0-9]{4}$",
        "generator": "^(?!000|666)[0-8][0-9]{2}[.](?!00)[0-9]{2}[.](?!0000)[0-9]{4}$"
    }
}